﻿<?xml version="1.0" encoding="UTF-8"?>
<OpenSearchDescription xmlns="http://a9.com/-/spec/opensearch/1.1/">
  <ShortName>CakePHP Book 3.x</ShortName>
  <Description>The CakePHP cookbook, is an openly developed community editable documentation project.</Description>
	<Image height="16" width="16" type="image/x-icon">http://book.cakephp.org/favicon.ico</Image>  
  
  <Url type="text/html"
       method="get"
       template="http://book.cakephp.org/3.0/en/search.html?q={searchTerms}&amp;check_keywords=yes&amp;area=default">
  </Url>
  <OutputEncoding>UTF-8</OutputEncoding>
  <InputEncoding>UTF-8</InputEncoding>
</OpenSearchDescription>
